Emp ID,Employee_name,Gender,Date of Birth,Age in Yrs.,Weight in Kgs.,Year of Joining,Salary,Last % Hike,SSN,Phone No. ,Place Name,County,City,State,Zip,Region
677509,Lois Walker,F,3/29/1981,36.36,60,2003,168251,21%,467-99-4677,303-572-8492,Denver,Denver,Denver,CO,80224,West
940761,Brenda Robinson,F,7/31/1970,47.02,60,2008,51063,27%,537-71-4566,225-945-4954,Stonewall,De Soto,Stonewall,LA,71078,South
428945,Joe Robinson,M,6/16/1963,54.15,68,2016,50155,16%,025-92-3584,219-904-2161,Michigantown,Clinton,Michigantown,IN,46057,Midwest
408351,Diane Evans,F,12-04-1977,39.67,51,1999,180294,1%,314-35-9851,215-793-6791,Hydetown,Crawford,Hydetown,PA,16328,Northeast
193819,Benjamin Russell,M,4/17/1977,40.31,58,2013,117642,13%,121-98-7248,262-404-2252,Fremont,Waupaca,Fremont,WI,54940,Midwest
499687,Patrick Bailey,M,9/27/1982,34.86,58,2005,72305,5%,439-99-7721,319-812-6957,Macksburg,Madison,Macksburg,IA,50155,Midwest
539712,Nancy Baker,F,6/13/1995,22.14,50,2016,98189,0%,641-29-2071,229-336-5117,Atlanta,Fulton,Atlanta,GA,30334,South
380086,Carol Murphy,F,6/30/1958,59.12,40,1983,60918,20%,423-67-7023,216-336-0009,Blanchester,Clinton,Blanchester,OH,45107,Midwest
477616,Frances Young,F,06-09-1959,58.18,42,1994,121587,28%,028-92-8912,210-819-9765,Delmita,Starr,Delmita,TX,78536,South
162402,Diana Peterson,F,11/13/1987,29.73,60,2014,43010,4%,512-33-6767,479-783-5656,Eureka Springs,Carroll,Eureka Springs,AR,72632,South
231469,Ralph Flores,M,02-05-1975,42.5,80,2009,118457,8%,302-15-0130,316-280-2864,Sabetha,Nemaha,Sabetha,KS,66534,Midwest
153989,Jack Alexander,M,5/19/1995,22.21,61,2017,82965,23%,428-99-9413,702-603-3769,Las Vegas,Clark,Las Vegas,NV,89170,West
386158,Melissa King,F,2/24/1972,45.45,55,2015,166892,1%,277-17-9106,216-605-3731,New Matamoras,Washington,New Matamoras,OH,45767,Midwest
301576,Wayne Watson,M,6/26/1996,21.1,87,2017,92758,14%,011-94-6649,701-231-9370,Maida,Cavalier,Maida,ND,58255,Midwest
441771,Cheryl Scott,F,2/23/1958,59.47,47,1990,92220,12%,596-94-2279,215-288-9345,Quecreek,Somerset,Quecreek,PA,15555,Northeast
528509,Paula Diaz,F,8/22/1966,50.97,42,1994,152654,8%,234-57-7671,252-531-7641,Beulaville,Duplin,Beulaville,NC,28518,South
912990,Joshua Stewart,M,5/18/1970,47.23,68,2002,184896,1%,755-07-3676,217-279-9342,New Douglas,Madison,New Douglas,IL,62074,Midwest
214352,Theresa Lee,F,12-05-1992,24.66,59,2015,197537,1%,055-02-9969,319-553-8919,Toeterville,Mitchell,Toeterville,IA,50481,Midwest
890290,Julia Scott,F,7/15/1959,58.08,56,2005,141518,3%,251-99-1941,423-939-1010,Primm Springs,Hickman,Primm Springs,TN,38476,South
622406,Thomas Lewis,M,10-04-1967,49.85,73,1998,73862,3%,467-99-2604,314-679-3697,Dutchtown,Cape Girardeau,Dutchtown,MO,63745,Midwest
979607,Carol Edwards,F,12/14/1994,22.64,56,2016,93967,30%,316-35-9870,225-283-4295,Shreveport,Caddo,Shreveport,LA,71162,South
969580,Matthew Turner,M,10/26/1993,23.77,56,2016,52237,9%,598-92-1988,236-972-7624,Heathsville,Northumberland,Heathsville,VA,22473,South
426038,Joan Stewart,F,11/20/1972,44.72,56,2009,111673,12%,429-99-6443,216-637-6800,Middleport,Meigs,Middleport,OH,45760,Midwest
388642,Ruby Rogers,F,05-01-1980,37.27,59,2013,160623,9%,236-55-0172,423-231-6507,Woodbury,Cannon,Woodbury,TN,37190,South
560455,Carolyn Hayes,F,03-10-1958,59.42,53,2001,42005,14%,730-28-1350,239-882-8784,Saint Cloud,Osceola,Saint Cloud,FL,34771,South
477253,Anne Russell,F,7/29/1989,28.02,60,2013,103160,29%,456-99-5619,605-635-1306,Stockholm,Grant,Stockholm,SD,57264,Midwest
263480,Daniel Cooper,M,01-01-1990,27.59,60,2014,153790,13%,181-86-2024,701-510-8162,Manning,Dunn,Manning,ND,58642,Midwest
683826,Roger Roberts,M,07-07-1969,48.09,77,2009,129625,12%,120-98-6493,206-497-3141,Mount Vernon,Skagit,Mount Vernon,WA,98273,West
474599,Maria Walker,F,3/19/1975,42.39,41,1998,48944,21%,447-27-3175,423-668-5506,Lawrenceburg,Lawrence,Lawrenceburg,TN,38464,South
335732,Brenda Butler,F,12-06-1963,53.68,41,1987,60508,29%,282-15-6434,480-814-8284,Mesa,Maricopa,Mesa,AZ,85208,West
329752,Lillian Brown,F,05-12-1981,36.24,49,2015,67251,22%,249-99-8821,239-812-9041,Panacea,Wakulla,Panacea,FL,32346,South
893212,Amy Howard,F,6/16/1981,36.14,52,2003,112715,30%,686-24-2843,803-613-3168,Kline,Kline,Kline,SC,29814,South
621833,Gregory Edwards,M,8/31/1993,23.92,64,2015,169245,22%,010-94-6817,503-256-9654,Bonanza,Klamath,Bonanza,OR,97623,West
456747,Roy Griffin,M,05-08-1991,26.24,62,2012,170895,19%,358-08-7660,219-506-9378,Liberty,Union,Liberty,IN,47353,Midwest
278556,Richard Mitchell,M,7/28/1993,24.02,81,2016,122226,14%,013-94-5886,205-621-5884,Ohatchee,Calhoun,Ohatchee,AL,36271,South
333476,Mary Wilson,F,12-01-1967,49.69,54,1991,109394,16%,198-84-0652,423-937-8660,Nashville,Davidson,Nashville,TN,37219,South
218791,Aaron Price,M,02-10-1969,48.49,56,1997,54402,0%,491-29-5152,219-287-8926,Eckerty,Crawford,Eckerty,IN,47116,Midwest
134841,Donna Brown,F,9/14/1983,33.89,57,2013,129836,8%,544-81-5182,212-434-7910,Lima,Livingston,Lima,NY,14485,Northeast
726264,Carl Collins,M,12/22/1973,43.63,90,2007,162159,7%,544-81-6171,479-740-7633,Wright,Jefferson,Wright,AR,72182,South
766610,Joyce Jenkins,F,8/22/1961,55.97,44,2010,119321,13%,695-16-6506,262-455-4187,Ellsworth,Pierce,Ellsworth,WI,54011,Midwest
923947,Mary Bryant,F,6/21/1962,55.14,45,2004,155442,4%,491-29-7461,319-827-3516,Conroy,Iowa,Conroy,IA,52220,Midwest
227922,Amanda Hughes,F,7/29/1982,35.02,40,2007,114257,22%,311-35-2540,225-544-9700,Lake Charles,Calcasieu,Lake Charles,LA,70605,South
265813,Jack Campbell,M,01-04-1985,32.58,50,2007,186280,23%,047-15-1537,316-499-5737,Kalvesta,Kalvesta,Kalvesta,KS,67856,Midwest
247137,Alan Rivera,M,12-11-1978,38.65,80,2006,154810,12%,399-31-7149,423-277-6819,Knoxville,Knox,Knoxville,TN,37901,South
407061,Elizabeth Jackson,F,8/15/1964,52.99,56,2005,85420,24%,660-24-4434,603-568-6118,Rochester,Strafford,Rochester,NH,3867,Northeast
226714,Nancy Davis,F,11/14/1983,33.73,52,2012,94986,11%,224-99-5928,219-610-3067,Bowling Green,Clay,Bowling Green,IN,47833,Midwest
702813,Ernest Martinez,M,11-09-1989,27.73,53,2016,172098,8%,672-48-7749,479-951-4138,Uniontown,Crawford,Uniontown,AR,72955,South
524896,Judy Hernandez,F,3/25/1961,56.38,40,2011,133332,30%,534-71-4481,316-736-6126,Topeka,Shawnee,Topeka,KS,66606,Midwest
363065,Nancy Jones,F,11-10-1993,23.73,60,2015,61924,4%,681-24-3165,212-825-1930,New York City,New York,New York City,NY,10087,Northeast
879753,Pamela Wright,F,4/14/1996,21.3,47,2017,149262,9%,459-99-9201,307-329-8832,Banner,Sheridan,Banner,WY,82832,West
958326,Larry Miller,M,10/31/1988,28.76,75,2017,97904,20%,207-84-9482,217-574-9283,East Saint Louis,St. Clair,East Saint Louis,IL,62201,Midwest
447813,Ann Coleman,F,05-11-1989,28.23,41,2013,130014,12%,027-92-0557,319-994-4179,Hancock,Pottawattamie,Hancock,IA,51536,Midwest
525955,Judy Gonzales,F,6/17/1959,58.15,51,1992,149575,9%,029-92-2155,201-640-8645,Eatontown,Monmouth,Eatontown,NJ,7724,Northeast
818384,Peter Washington,M,11-06-1982,34.75,70,2009,173226,27%,039-74-8867,231-322-0316,Portage,Kalamazoo,Portage,MI,49024,Midwest
971640,Clarence Ross,M,12/13/1960,56.66,64,2008,165272,9%,372-37-5315,423-772-0118,Oneida,Scott,Oneida,TN,37841,South
253573,Sharon Lopez,F,05-04-1991,26.25,43,2014,190139,21%,064-02-2589,304-934-5548,Bartley,McDowell,Bartley,WV,24813,South
904898,Ann Cooper,F,12/25/1992,24.61,44,2017,182521,30%,219-89-6310,406-278-6460,Arlee,Lake,Arlee,MT,59821,West
515103,Anne Perez,F,05-05-1958,59.27,48,2003,114426,9%,594-99-9091,423-837-3338,Cookeville,Putnam,Cookeville,TN,38505,South
491943,Nancy Howard,F,05-05-1961,56.27,45,1999,101553,25%,035-74-2732,236-973-8086,Saxe,Charlotte,Saxe,VA,23967,South
750173,Antonio Roberts,M,8/27/1995,21.93,82,2017,181646,30%,281-15-7944,205-267-7304,Mc Calla,Jefferson,Mc Calla,AL,35111,South
687017,Frances Watson,F,1/30/1961,56.53,42,2010,46945,22%,305-37-1946,406-530-8069,Trego,Lincoln,Trego,MT,59934,West
241882,Debra Wood,F,10/30/1969,47.78,54,1991,84318,19%,342-11-6695,308-646-6219,Blair,Washington,Blair,NE,68009,Midwest
758872,Henry Jenkins,M,11-06-1984,32.75,70,2017,102384,11%,499-29-3125,314-731-7135,Riverside,Platte,Riverside,MO,64150,Midwest
940922,Melissa Butler,F,11/14/1994,22.72,55,2017,167631,30%,301-15-9149,308-827-9016,Maxwell,Lincoln,Maxwell,NE,69151,Midwest
917937,Todd Hall,M,8/31/1991,25.93,74,2016,163560,0%,633-31-1781,240-513-8668,Randallstown,Baltimore,Randallstown,MD,21133,South
917395,Christopher Nelson,M,3/29/1960,57.37,62,1997,190765,0%,120-98-6155,480-946-9780,Willow Beach,Mohave,Willow Beach,AZ,86445,West
183071,Andrea Garcia,F,07-06-1985,32.08,52,2010,54179,25%,213-91-6792,219-624-3708,Granger,St. Joseph,Granger,IN,46530,Midwest
316110,Jeremy Sanchez,M,02-05-1965,52.51,52,2006,178847,1%,474-55-8883,423-974-2755,Alcoa,Blount,Alcoa,TN,37701,South
293459,Steven Phillips,M,09-12-1986,30.9,58,2015,90108,24%,578-53-9940,225-968-5952,Baton Rouge,East Baton Rouge,Baton Rouge,LA,70833,South
732017,Cynthia Ramirez,F,9/22/1982,34.87,47,2009,90531,2%,355-08-4606,406-961-7340,Browning,Glacier,Browning,MT,59417,West
915638,Jason Anderson,M,01-03-1974,43.59,57,1999,76636,19%,048-15-7937,217-856-6752,Hudson,McLean,Hudson,IL,61748,Midwest
478003,Cynthia White,F,6/15/1963,54.16,60,2004,186200,30%,364-39-4983,314-593-3092,Kansas City,Jackson,Kansas City,MO,64133,Midwest
951225,Margaret Brooks,F,6/27/1992,25.1,56,2016,43867,9%,057-02-6958,303-960-0117,Haswell,Kiowa,Haswell,CO,81045,West
883936,Douglas Flores,M,4/21/1986,31.29,61,2009,181793,20%,324-11-6837,303-836-4721,Eckert,Delta,Eckert,CO,81418,West
528673,Paul Watson,M,03-09-1959,58.43,60,1995,145235,15%,286-15-9671,270-556-7711,Blue River,Floyd,Blue River,KY,41607,South
765850,Linda Moore,F,8/18/1991,25.96,40,2017,113256,18%,286-15-5442,215-793-7095,Albion,Erie,Albion,PA,16401,Northeast
262382,Cheryl Miller,F,4/20/1985,32.29,48,2007,64143,3%,287-15-4772,270-880-3858,Bays,Breathitt,Bays,KY,41310,South
870820,Martha Washington,F,3/28/1991,26.35,54,2017,116629,25%,416-67-0297,405-945-0242,Nardin,Kay,Nardin,OK,74646,South
806955,William Hernandez,M,7/22/1967,50.05,50,2000,73734,22%,629-31-9010,239-276-0532,Mary Esther,Okaloosa,Mary Esther,FL,32569,South
325319,Carolyn Price,F,5/30/1976,41.19,60,2014,48736,2%,512-33-3410,217-409-4338,Wheaton,DuPage,Wheaton,IL,60189,Midwest
623253,Ruby Stewart,F,10/23/1968,48.79,48,2017,174774,7%,007-11-1727,218-445-2369,Margie,Koochiching,Margie,MN,56658,Midwest
225925,Paul Cooper,M,08-12-1991,25.98,68,2014,73526,27%,613-87-0084,210-984-4722,Glidden,Colorado,Glidden,TX,78943,South
761821,Ernest Washington,M,10/28/1984,32.77,87,2015,176675,15%,178-86-1878,212-596-1659,Saranac Lake,Franklin,Saranac Lake,NY,12983,Northeast
400173,Dorothy Edwards,F,1/19/1984,33.55,57,2013,179017,1%,543-81-2192,215-902-6888,Philadelphia,Philadelphia,Philadelphia,PA,19132,Northeast
802554,Ryan Alexander,M,08-01-1993,24.01,65,2014,106628,24%,017-94-7572,225-395-3347,Jarreau,Pointe Coupee,Jarreau,LA,70749,South
476433,Lillian Mitchell,F,10/23/1974,42.79,55,1999,149878,3%,505-59-3960,316-876-1484,Wichita,Sedgwick,Wichita,KS,67214,Midwest
533952,Kelly Adams,F,5/23/1975,42.21,53,2013,51878,15%,474-55-8101,405-418-0037,Meno,Major,Meno,OK,73760,South
623929,Jimmy Howard,M,11/27/1966,50.7,87,2007,120631,13%,610-87-0251,212-855-9316,Oriskany,Oneida,Oriskany,NY,13424,Northeast
844177,Margaret Allen,F,09-08-1981,35.91,43,2013,180107,22%,137-25-8468,216-697-6987,Richmond Dale,Ross,Richmond Dale,OH,45673,Midwest
212893,Janet Henderson,F,12/24/1979,37.62,60,2012,114481,5%,018-94-7340,239-769-6347,Miami,Miami-Dade,Miami,FL,33166,South
185032,Eugene Perez,M,10-06-1979,37.84,59,2014,122950,26%,192-86-6418,262-472-7112,Racine,Racine,Racine,WI,53490,Midwest
867084,Deborah Smith,F,10/31/1977,39.77,54,2002,52767,28%,173-86-6203,907-279-8694,Atqasuk,North Slope,Atqasuk,AK,99791,West
969964,Janice Parker,F,01-12-1980,37.57,56,2016,147641,25%,733-26-1976,314-842-5984,Whiteman Air Force Base,Johnson,Whiteman Air Force Base,MO,65305,Midwest
158666,Rebecca Stewart,F,08-11-1961,56,55,1983,160043,9%,202-84-8294,209-233-7631,Independence,Inyo,Independence,CA,93526,West
489424,Phillip White,M,03-04-1978,39.43,82,2016,181774,7%,447-27-9469,503-668-6592,Mapleton,Lane,Mapleton,OR,97453,West
639892,Jose Hill,M,10-08-1994,22.82,89,2016,129774,15%,171-86-3825,228-245-5000,Biloxi,Harrison,Biloxi,MS,39532,South
704709,Harold Nelson,M,12/24/1984,32.61,77,2011,156194,0%,456-99-2066,217-555-9216,Carol Stream,Carol Stream,Carol Stream,IL,60351,Midwest
461593,Nicole Ward,F,12-12-1964,52.66,60,1989,95673,12%,196-84-2551,231-761-7861,Detroit,Wayne,Detroit,MI,48278,Midwest
392491,Theresa Murphy,F,12/30/1987,29.6,57,2010,51015,11%,249-99-8801,907-356-1555,Mc Grath,Yukon-Koyukuk (CA),Mc Grath,AK,99627,West
495141,Tammy Young,F,3/22/1979,38.38,55,2015,93650,7%,771-02-7046,231-290-3075,Alma,Gratiot,Alma,MI,48801,Midwest
,,,,,,,,,,,,,,,,
